metric,DIM,PRM,TRAIM,TOCA,PC-SPE
avg_participation_intensity,12.5,20.0,3.5,8.75,15.0
avg_transaction_price_task_level,561.2485674049299,202.44427271050492,283.72179733039354,19.25,0.17290610230444287
avg_user_utility_task50,22539.004791586805,36548.87289100286,8627.488826818937,36355.017744,114.60899545770695
