metric,DIM,PRM,TRAIM,TOCA
avg_participation_intensity,5.0,15.0,1.0,3.0
avg_transaction_price_task_level,433.88658309281175,218.1358636239284,74.62478925059054,13.666666666666666
avg_user_utility_task6,2676.0933523785166,4037.564623878602,0.0,4975.49934
