chi,gamma,raw_k,k,empirical_goal_selection_rate,goal_selection_rate
0.0,1.0,-178.80051922238732,-178.80051922238732,0.0,0.0
0.5,1.0,-71.06201140616278,-71.06201140616278,0.0,0.0
0.0,1.5,-49.2257293432757,-49.2257293432757,0.0,0.0
0.5,1.5,58.51277847294884,58.51277847294884,0.0,0.0
