node_count,tau_A_raw,tau_B_raw,tau_goal_raw,tau_compete_raw,tau_decoy_raw,tau_A_bid_intensity_raw,tau_B_bid_intensity_raw,tau_goal_bid_intensity_raw,tau_compete_bid_intensity_raw,tau_decoy_influenced_nodes_raw,tau_A,tau_B,tau_goal,tau_compete,tau_decoy
10,0.4666666666666667,3.3666666666666667,3.2333333333333334,3.2666666666666666,0.0,0.9333333333333333,4.166666666666667,56.266666666666666,14.966666666666667,2.7,0.9333333333333333,4.166666666666667,56.266666666666666,14.966666666666667,2.7
20,1.1666666666666667,6.766666666666667,6.033333333333333,6.733333333333333,0.0,2.3333333333333335,7.9,103.16666666666667,32.13333333333333,4.666666666666667,2.3333333333333335,7.9,103.16666666666667,32.13333333333333,4.666666666666667
30,1.6666666666666667,10.533333333333333,9.1,10.233333333333333,0.0,3.3333333333333335,12.633333333333333,154.83333333333334,48.733333333333334,6.933333333333334,3.3333333333333335,12.633333333333333,154.83333333333334,48.733333333333334,6.933333333333334
40,2.2,14.266666666666667,12.233333333333333,13.766666666666667,0.0,4.4,16.9,204.53333333333333,66.16666666666667,9.4,4.4,16.9,204.53333333333333,66.16666666666667,9.4
50,2.5,17.966666666666665,15.0,17.1,0.0,5.0,21.366666666666667,256.8,82.5,11.933333333333334,5.0,21.366666666666667,256.8,82.5,11.933333333333334
60,3.4,21.066666666666666,18.1,20.266666666666666,0.0,6.8,25.066666666666666,314.46666666666664,98.86666666666666,14.2,6.8,25.066666666666666,314.46666666666664,98.86666666666666,14.2
