bin_index,bin_label,lower_time_cost,upper_time_cost,TRAIM_raw,TRAIM,DIM_raw,DIM,PRM_raw,PRM
1,200-529,200.464138,528.625858,0.5333333333333333,0.5333333333333333,0.25,0.25,0.9233333333333333,0.9233333333333333
2,529-923,528.625858,922.77037,0.5133333333333333,0.5133333333333333,0.9333333333333333,0.9333333333333333,0.9933333333333333,0.9933333333333333
3,923-1295,922.77037,1294.907297,0.5384615384615384,0.5384615384615384,1.0,1.0,1.0,1.0
4,1295-1646,1294.907297,1645.994038,0.45666666666666667,0.45666666666666667,1.0,1.0,1.0,1.0
5,1646-1999,1645.994038,1998.851218,0.4950166112956811,0.4950166112956811,1.0,1.0,1.0,1.0
