node_count,DIM_raw,DIM_display,DIM,PRM_raw,PRM_display,PRM,TRAIM_raw,TRAIM_display,TRAIM
10,10778.14250670618,107.78142506706179,107.78142506706179,15306.517887912192,153.06517887912193,153.06517887912193,4782.433190841018,47.82433190841018,47.82433190841018
20,12658.388688639903,126.58388688639903,126.58388688639903,16624.022481748238,166.24022481748239,166.24022481748239,8270.883422854626,82.70883422854625,82.70883422854625
30,13622.44348923812,136.2244348923812,136.2244348923812,17194.32294150804,171.9432294150804,171.9432294150804,11310.04652898855,113.1004652898855,113.1004652898855
40,14157.071913970138,141.57071913970137,141.57071913970137,17395.645735350936,173.95645735350936,173.95645735350936,13158.906734577957,131.58906734577957,131.58906734577957
50,14517.031219722498,145.17031219722497,145.17031219722497,17532.157880312378,175.32157880312377,175.32157880312377,14792.864062245086,147.92864062245087,147.92864062245087
60,14781.448872962583,147.81448872962582,147.81448872962582,17631.548618793353,176.31548618793352,176.31548618793352,15995.68670832674,159.9568670832674,159.9568670832674
