node_count,DIM_raw,DIM_display,DIM,PRM_raw,PRM_display,PRM,TRAIM_raw,TRAIM_display,TRAIM
10,11146.9621289589,111.469621289589,111.469621289589,16900.898117724813,169.00898117724813,169.00898117724813,3607.979383402653,36.07979383402653,36.07979383402653
20,13181.6993761785,131.816993761785,131.816993761785,17569.777418936814,175.69777418936815,175.69777418936815,6249.7345510719415,62.49734551071941,62.49734551071941
30,14023.38939133241,140.2338939133241,140.2338939133241,17705.934391155723,177.05934391155722,177.05934391155722,8458.830543787632,84.58830543787631,84.58830543787631
40,14520.93536042432,145.2093536042432,145.2093536042432,17815.386488398683,178.1538648839868,178.1538648839868,10057.879611659731,100.57879611659732,100.57879611659732
50,14944.796202526779,149.4479620252678,149.4479620252678,17897.679569366814,178.97679569366812,178.97679569366812,11317.277804491341,113.17277804491341,113.17277804491341
60,15219.89253902003,152.1989253902003,152.1989253902003,17954.604596689245,179.54604596689245,179.54604596689245,12254.33567216404,122.5433567216404,122.5433567216404
