node_count,DIM_raw,DIM_display,DIM,PRM_raw,PRM_display,PRM,TRAIM_raw,TRAIM_display,TRAIM
10,22540.39747770916,225.4039747770916,225.4039747770916,34311.51441992913,343.1151441992913,343.1151441992913,6040.609738040891,60.40609738040891,60.40609738040891
20,26637.02170067794,266.3702170067794,266.3702170067794,35703.286353054544,357.03286353054546,357.03286353054546,11409.031501888108,114.09031501888109,114.09031501888109
30,28352.564872461327,283.5256487246133,283.5256487246133,36182.90026090533,361.8290026090533,361.8290026090533,15209.097333556554,152.09097333556554,152.09097333556554
40,29550.41450998989,295.5041450998989,295.5041450998989,36430.75069955127,364.30750699551265,364.30750699551265,19003.199332558655,190.03199332558654,190.03199332558654
50,30171.304461717773,301.71304461717773,301.71304461717773,36616.24760795013,366.1624760795013,366.1624760795013,21352.779821690125,213.52779821690126,213.52779821690126
60,30710.180047888523,307.10180047888525,307.10180047888525,36695.8226215872,366.958226215872,366.958226215872,23322.20276873491,233.2220276873491,233.2220276873491
