node_count,F,R,RF
10,3.066666666666667,4.6,1.8666666666666667
20,6.1,7.8,3.7333333333333334
30,8.9,12.333333333333334,5.966666666666667
40,13.6,17.566666666666666,10.033333333333333
50,16.133333333333333,21.2,11.2
60,19.766666666666666,26.7,13.866666666666667
