node_count,tau_A,tau_B,tau_goal,tau_compete,tau_decoy
10,2.332260051455422,4.475432256236886,8.8,1.2,0.0
20,4.664520102910844,8.950864512473771,17.6,2.4,0.0
30,6.996780154366266,13.426296768710657,26.4,3.5999999999999996,0.0
40,9.329040205821688,17.901729024947542,35.2,4.8,0.0
50,11.66130025727711,22.377161281184428,44.0,6.0,0.0
60,13.993560308732532,26.852593537421313,52.8,7.199999999999999,0.0
