node_count,F,R,RF
10,4.133333333333334,5.2,2.8
20,6.833333333333333,9.466666666666667,5.333333333333333
30,11.6,15.033333333333333,8.033333333333333
40,14.4,19.4,10.1
50,20.666666666666668,25.533333333333335,14.8
60,26.633333333333333,33.3,19.733333333333334
