node_count,tau_A_raw,tau_B_raw,tau_goal_raw,tau_compete_raw,tau_decoy_raw,tau_A_bid_intensity_raw,tau_B_bid_intensity_raw,tau_goal_bid_intensity_raw,tau_compete_bid_intensity_raw,tau_decoy_influenced_nodes_raw,before_A,before_B,after_goal,after_compete,tau_A,tau_B,tau_goal,tau_compete,tau_decoy
10,1.0666666666666667,3.033333333333333,4.733333333333333,3.1,0.0,14.4,23.333333333333332,62.2,12.733333333333333,3.6333333333333333,14.4,23.333333333333332,62.2,12.733333333333333,14.4,23.333333333333332,62.2,12.733333333333333,3.6333333333333333
20,2.3,6.4,8.933333333333334,6.366666666666666,0.0,30.333333333333332,48.233333333333334,121.06666666666666,25.866666666666667,6.7,30.333333333333332,48.233333333333334,121.06666666666666,25.866666666666667,30.333333333333332,48.233333333333334,121.06666666666666,25.866666666666667,6.7
30,3.6333333333333333,9.6,13.166666666666666,9.6,0.0,48.03333333333333,72.26666666666667,180.03333333333333,41.166666666666664,9.766666666666667,48.03333333333333,72.26666666666667,180.03333333333333,41.166666666666664,48.03333333333333,72.26666666666667,180.03333333333333,41.166666666666664,9.766666666666667
40,4.633333333333334,12.966666666666667,17.3,12.966666666666667,0.0,60.8,98.33333333333333,236.86666666666667,54.333333333333336,12.9,60.8,98.33333333333333,236.86666666666667,54.333333333333336,60.8,98.33333333333333,236.86666666666667,54.333333333333336,12.9
50,5.566666666666666,16.8,21.233333333333334,16.733333333333334,0.0,72.6,128.73333333333332,289.06666666666666,69.76666666666667,15.8,72.6,128.73333333333332,289.06666666666666,69.76666666666667,72.6,128.73333333333332,289.06666666666666,69.76666666666667,15.8
60,6.366666666666666,20.2,25.4,20.166666666666668,0.0,83.1,153.8,346.06666666666666,83.06666666666666,19.1,83.1,153.8,346.06666666666666,83.06666666666666,83.1,153.8,346.06666666666666,83.06666666666666,19.1
