node_count,DIM_unique_participants_raw,DIM_participation_intensity_raw,DIM_raw,DIM,PRM_unique_participants_raw,PRM_participation_intensity_raw,PRM_raw,PRM,TRAIM_unique_participants_raw,TRAIM_participation_intensity_raw,TRAIM_raw,TRAIM
10,9.933333333333334,9.933333333333334,9.933333333333334,9.933333333333334,10.0,15.566666666666666,15.566666666666666,15.566666666666666,6.933333333333334,6.933333333333334,6.933333333333334,6.933333333333334
20,19.766666666666666,19.766666666666666,19.766666666666666,19.766666666666666,20.0,29.833333333333332,29.833333333333332,29.833333333333332,14.8,14.8,14.8,14.8
30,29.633333333333333,29.633333333333333,29.633333333333333,29.633333333333333,30.0,42.36666666666667,42.36666666666667,42.36666666666667,22.233333333333334,22.233333333333334,22.233333333333334,22.233333333333334
40,39.833333333333336,39.833333333333336,39.833333333333336,39.833333333333336,40.0,57.333333333333336,57.333333333333336,57.333333333333336,28.466666666666665,28.466666666666665,28.466666666666665,28.466666666666665
50,49.666666666666664,49.666666666666664,49.666666666666664,49.666666666666664,50.0,66.66666666666667,66.66666666666667,66.66666666666667,35.666666666666664,35.666666666666664,35.666666666666664,35.666666666666664
60,59.43333333333333,59.43333333333333,59.43333333333333,59.43333333333333,60.0,92.73333333333333,92.73333333333333,92.73333333333333,43.5,43.5,43.5,43.5
