node_count,DIM,PRM,TRAIM
10,10.0,12.092,9.200000000000001
20,19.85,25.36,18.262
30,29.75,36.974000000000004,27.37
40,39.6,49.106,36.432
50,49.5,62.188,45.54
60,59.2,72.892,54.464000000000006
