node_count,DIM_unique_participants_raw,DIM_participation_intensity_raw,DIM_raw,PRM_unique_participants_raw,PRM_participation_intensity_raw,PRM_raw,TRAIM_unique_participants_raw,TRAIM_participation_intensity_raw,TRAIM_raw,TOCA_unique_participants_raw,TOCA_participation_intensity_raw,TOCA_raw,PC-SPE_unique_participants_raw,PC-SPE_participation_intensity_raw,PC-SPE_raw,DIM,PRM,TRAIM,TOCA,PC-SPE
10,3.443,3.443,3.443,4.0,26.9,4.0,2.379,2.379,2.379,13.008925,13.008925,13.008925,2.65479645550191,2.65479645550191,2.65479645550191,3.443,4.0,2.379,3.193,3.0
20,11.789,11.789,11.789,14.919999999999998,59.2,14.919999999999998,7.093000000000001,7.093000000000001,7.093000000000001,21.2031,21.2031,21.2031,3.578423451794271,3.578423451794271,3.578423451794271,11.789,14.919999999999998,7.093000000000001,9.6,6.0
30,23.538999999999998,23.538999999999998,23.538999999999998,27.54,73.5,27.54,15.216,15.216,15.216,22.86455,22.86455,22.86455,7.1066657198651,7.1066657198651,7.1066657198651,23.538999999999998,27.54,15.216,14.399999999999999,9.0
40,32.999,32.999,32.999,36.44,93.2,36.44,24.147,24.147,24.147,23.3481,23.3481,23.3481,13.85878323480966,13.85878323480966,13.85878323480966,32.999,36.44,24.147,19.2,12.0
50,40.531,40.531,40.531,44.1,125.0,44.1,32.075,32.075,32.075,27.742849999999997,27.742849999999997,27.742849999999997,17.9819090885901,17.9819090885901,17.9819090885901,40.531,44.1,32.075,24.0,15.0
60,49.796,49.796,49.796,56.1,137.6,56.1,42.126,42.126,42.126,28.3815,28.3815,28.3815,17.75,17.75,17.75,49.796,56.1,42.126,28.799999999999997,18.0
