node_count,DIM_unique_participants_raw,DIM_participation_intensity_raw,DIM_raw,DIM,PRM_unique_participants_raw,PRM_participation_intensity_raw,PRM_raw,PRM,TRAIM_unique_participants_raw,TRAIM_participation_intensity_raw,TRAIM_raw,TRAIM,TOCA_unique_participants_raw,TOCA_participation_intensity_raw,TOCA_raw,TOCA,PC-SPE_unique_participants_raw,PC-SPE_participation_intensity_raw,PC-SPE_raw,PC-SPE
10,9.9,9.9,9.9,9.9,10.0,17.0,17.0,17.0,7.166666666666667,7.166666666666667,7.166666666666667,7.166666666666667,37.2,37.2,37.2,37.2,10.0,10.0,10.0,10.0
20,19.766666666666666,19.766666666666666,19.766666666666666,19.766666666666666,20.0,31.833333333333332,31.833333333333332,31.833333333333332,14.6,14.6,14.6,14.6,45.166666666666664,45.166666666666664,45.166666666666664,45.166666666666664,20.0,20.0,20.0,20.0
30,29.7,29.7,29.7,29.7,30.0,42.0,42.0,42.0,21.4,21.4,21.4,21.4,48.36666666666667,48.36666666666667,48.36666666666667,48.36666666666667,30.0,30.0,30.0,30.0
40,39.86666666666667,39.86666666666667,39.86666666666667,39.86666666666667,40.0,52.9,52.9,52.9,28.166666666666668,28.166666666666668,28.166666666666668,28.166666666666668,49.6,49.6,49.6,49.6,40.0,40.0,40.0,40.0
50,49.03333333333333,49.03333333333333,49.03333333333333,49.03333333333333,50.0,73.53333333333333,73.53333333333333,73.53333333333333,36.8,36.8,36.8,36.8,49.766666666666666,49.766666666666666,49.766666666666666,49.766666666666666,50.0,50.0,50.0,50.0
60,58.766666666666666,58.766666666666666,58.766666666666666,58.766666666666666,60.0,86.7,86.7,86.7,42.96666666666667,42.96666666666667,42.96666666666667,42.96666666666667,50.0,50.0,50.0,50.0,60.0,60.0,60.0,60.0
