bin_index,bin_label,lower_time_cost,upper_time_cost,DIM_raw,DIM,PRM_raw,PRM,TRAIM_raw,TRAIM,TOCA_raw,TOCA,PC-SPE_raw,PC-SPE
1,200-533,200.433679,533.419188,0.5866666666666667,0.5866666666666667,0.96,0.96,0.5666666666666667,0.5666666666666667,0.98,0.98,0.9523842713631618,0.9523842713631618
2,533-873,533.419188,873.382707,0.9466666666666667,0.9466666666666667,0.99,0.99,0.5,0.5,0.9733333333333334,0.9733333333333334,0.9130584858264215,0.9130584858264215
3,873-1263,873.382707,1263.371938,0.9264214046822743,0.9264214046822743,0.9899665551839465,0.9899665551839465,0.5117056856187291,0.5117056856187291,0.9732441471571907,0.9732441471571907,0.8921362875851931,0.8921362875851931
4,1263-1635,1263.371938,1634.517419,0.94,0.94,0.9766666666666667,0.9766666666666667,0.48,0.48,0.9733333333333334,0.9733333333333334,0.8795318733515811,0.8795318733515811
5,1635-1999,1634.517419,1999.028621,0.9036544850498339,0.9036544850498339,0.9833887043189369,0.9833887043189369,0.4850498338870432,0.4850498338870432,0.9767441860465116,0.9767441860465116,0.8720834745122048,0.8720834745122048
