bin_index,bin_label,lower_time_cost,upper_time_cost,DIM_raw,DIM,PRM_raw,PRM,TRAIM_raw,TRAIM,TOCA_raw,TOCA,PC-SPE_raw,PC-SPE
1,201-567,201.431235,567.10063,0.35,0.35,0.74,0.74,0.685,0.685,0.95,0.95,0.84,0.84
2,567-946,567.10063,945.604392,0.795,0.795,0.86,0.86,0.63,0.63,0.995,0.995,0.68,0.68
3,946-1312,945.604392,1312.226507,0.8844221105527639,0.8844221105527639,0.9396984924623115,0.9396984924623115,0.6532663316582915,0.6532663316582915,0.5226130653266332,0.5226130653266332,0.6130653266331658,0.6130653266331658
4,1312-1635,1312.226507,1635.455344,0.8,0.8,1.0,1.0,0.595,0.595,0.375,0.375,0.445,0.445
5,1635-1997,1635.455344,1997.414897,0.7611940298507462,0.7611940298507462,1.0,1.0,0.6467661691542289,0.6467661691542289,0.35323383084577115,0.35323383084577115,0.472636815920398,0.472636815920398
