bin_index,bin_label,lower_time_cost,upper_time_cost,TRAIM,DIM,PRM,PRM_raw
1,202-556,201.998754,556.462468,0.745,0.46,0.62,0.79
2,556-930,556.462468,930.354357,0.7,0.54,0.7,0.95
3,930-1296,930.354357,1296.217999,0.6934673366834171,0.6984924623115578,0.800502512562814,0.9899497487437185
4,1296-1659,1296.217999,1658.553371,0.73,0.725,0.81075,0.97
5,1659-1999,1658.553371,1998.65464,0.6119402985074627,0.8407960199004975,0.8930348258706468,0.9900497512437811
