node_count,DIM_raw,DIM,PRM_raw,PRM,TRAIM_raw,TRAIM
10,24426.35582986062,244.2635582986062,25444.120656104813,254.44120656104812,23535.81160689695,235.3581160689695
20,26338.310109404363,263.38310109404364,27435.739697296212,274.35739697296214,25378.059219998995,253.78059219998994
30,27184.012455098942,271.8401245509894,28316.679640728067,283.1667964072807,26192.92866767346,261.9292866767346
40,27313.631700060232,273.13631700060233,28451.699687562745,284.51699687562746,26317.822210995535,263.17822210995536
50,27692.660151988035,276.92660151988036,28846.520991654204,288.46520991654205,26683.03191728014,266.8303191728014
60,27820.03244355072,278.2003244355072,28979.200462032,289.79200462032003,26805.760427379602,268.057604273796
