node_count,DIM_raw,DIM_display,DIM,PRM_raw,PRM_display,PRM,TRAIM_raw,TRAIM_display,TRAIM,TOCA_raw,TOCA_display,TOCA,PC-SPE_raw,PC-SPE_display,PC-SPE
10,7325.9193467205605,7325.9193467205605,7325.9193467205605,13416.299696282269,13416.299696282269,13416.299696282269,5448.137038573592,5448.137038573592,5448.137038573592,5202.048136642625,5202.048136642625,5202.048136642625,-2814.5135638767733,-2814.5135638767733,-2814.5135638767733
20,11057.092208739085,11057.092208739085,11057.092208739085,16439.153231009437,16439.153231009437,16439.153231009437,8861.046683684523,8861.046683684523,8861.046683684523,6441.04035737462,6441.04035737462,6441.04035737462,4243.551207151299,4243.551207151299,4243.551207151299
30,12683.180162554516,12683.180162554516,12683.180162554516,17182.797826740607,17182.797826740607,17182.797826740607,11075.40067390513,11075.40067390513,11075.40067390513,7367.754482682255,7367.754482682255,7367.754482682255,7506.869407489177,7506.869407489177,7506.869407489177
40,13717.103076302561,13717.103076302561,13717.103076302561,17790.822840812263,17790.822840812263,17790.822840812263,12840.614617658617,12840.614617658617,12840.614617658617,7696.241113690666,7696.241113690666,7696.241113690666,10081.588047433279,10081.588047433279,10081.588047433279
50,14246.592590561091,14246.592590561091,14246.592590561091,18114.41982310687,18114.41982310687,18114.41982310687,14319.350494223529,14319.350494223529,14319.350494223529,8186.999644129085,8186.999644129085,8186.999644129085,11402.035773664978,11402.035773664978,11402.035773664978
60,14584.25119274687,14584.25119274687,14584.25119274687,18214.15383201602,18214.15383201602,18214.15383201602,14551.992731419292,14551.992731419292,14551.992731419292,8199.761186774036,8199.761186774036,8199.761186774036,14063.47119768584,14063.47119768584,14063.47119768584
