node_count,DIM_raw,DIM_display,DIM,PRM_raw,PRM_display,PRM,TRAIM_raw,TRAIM_display,TRAIM,TOCA_raw,TOCA_display,TOCA,PC-SPE_raw,PC-SPE_display,PC-SPE
10,7325.9193467205605,73.2591934672056,73.2591934672056,13416.299696282269,134.1629969628227,134.1629969628227,4799.8119698168475,47.99811969816847,47.99811969816847,4739.305661287381,47.393056612873806,42.49033221097925,-2814.5135638767733,-28.145135638767734,33.69922899491458
20,11057.092208739085,110.57092208739084,110.57092208739084,16439.153231009437,164.39153231009436,164.39153231009436,8148.684880318068,81.48684880318068,81.48684880318068,6073.155421096008,60.73155421096008,60.73155421096008,4243.551207151299,42.435512071512996,52.63175891359804
30,12683.180162554516,126.83180162554515,126.83180162554515,17182.797826740607,171.82797826740608,171.82797826740608,10293.047281613108,102.93047281613107,102.93047281613107,7044.247863017096,70.44247863017097,70.44247863017097,7506.869407489177,75.06869407489177,62.40124639976821
40,13717.103076302561,137.1710307630256,137.1710307630256,17790.822840812263,177.90822840812262,177.90822840812262,11989.72465448199,119.8972465448199,119.06445470230624,7533.919516217521,75.33919516217522,75.33919516217522,10081.588047433279,100.81588047433279,69.68288362761702
50,14246.592590561091,142.4659259056109,142.4659259056109,18114.41982310687,181.14419823106869,181.14419823106869,13841.63327736063,138.4163327736063,125.93987850056003,7823.557351052921,78.2355735105292,78.2355735105292,11402.035773664978,114.02035773664979,74.65214517454011
60,14584.25119274687,145.8425119274687,145.8425119274687,18214.15383201602,182.1415383201602,182.1415383201602,14162.148718813147,141.62148718813148,131.25826073472183,8040.824820473398,80.40824820473398,80.40824820473398,14063.47119768584,140.6347119768584,78.75495644083311
