node_count,DIM_raw,DIM_display,DIM,PRM_raw,PRM_display,PRM,TRAIM_raw,TRAIM_display,TRAIM,TOCA_raw,TOCA_display,TOCA,PC-SPE_raw,PC-SPE_display,PC-SPE
10,23814.315466288546,238.14315466288545,238.14315466288545,35632.93535146359,356.3293535146359,356.3293535146359,6203.871969630905,62.03871969630905,62.03871969630905,32576.02468039,325.76024680390003,325.76024680390003,119.33985184421725,1.1933985184421725,1.1933985184421725
20,27444.89655166738,274.4489655166738,274.4489655166738,36878.36690750298,368.7836690750298,368.7836690750298,11328.19664617643,113.2819664617643,113.2819664617643,41320.17085742,413.20170857420004,413.20170857420004,126.6900523387888,1.266900523387888,1.266900523387888
30,28793.736348086662,287.9373634808666,287.9373634808666,37327.345536828834,373.27345536828835,373.27345536828835,15251.239324703516,152.51239324703516,152.51239324703516,43574.817598400004,435.74817598400006,435.74817598400006,129.83499155729066,1.2983499155729066,1.2983499155729066
40,29748.774084979053,297.48774084979055,297.48774084979055,37559.716837184846,375.59716837184845,375.59716837184845,18528.15197910674,185.2815197910674,185.2815197910674,44288.233389290006,442.8823338929001,442.8823338929001,130.91191684690585,1.3091191684690586,1.3091191684690586
50,30433.72360775226,304.3372360775226,304.3372360775226,37569.00707478042,375.6900707478042,375.6900707478042,21459.62720676743,214.59627206767428,214.59627206767428,44487.29225021,444.8729225021,444.8729225021,132.08028108478922,1.3208028108478922,1.3208028108478922
60,30921.955851498806,309.2195585149881,309.2195585149881,37660.384731506456,376.60384731506457,376.60384731506457,23238.311812081836,232.38311812081835,232.38311812081835,44567.51909715,445.6751909715,445.6751909715,132.76294700348905,1.3276294700348905,1.3276294700348905
