node_count,DIM_raw,DIM_display,DIM,PRM_raw,PRM_display,PRM,TRAIM_raw,TRAIM_display,TRAIM,TOCA_raw,TOCA_display,TOCA,PC-SPE_raw,PC-SPE_display,PC-SPE
10,9184.087830426515,91.84087830426515,97.35133100252106,16819.615343650432,168.19615343650432,168.19615343650432,8032.218749920343,80.32218749920342,83.72214466216812,9837.053717858404,98.37053717858403,60.35782522156306,-5485.260131716271,-54.85260131716271,50.622692121310955
20,17067.21204091873,170.6721204091873,180.91244763373854,29458.86109818728,294.5886109818728,294.5886109818728,14564.917663552078,145.64917663552077,157.30111076636246,12809.632821767602,128.09632821767602,113.97484200925528,8512.136125962024,85.12136125962024,96.96907193168386
30,21574.522707534037,215.74522707534038,228.6899406998608,32547.16395326739,325.4716395326739,325.4716395326739,19654.857379075765,196.54857379075764,204.9061868670753,14152.332221325496,141.52332221325497,146.36156204791092,14962.376229564366,149.62376229564367,126.23684726632318
40,24419.442721242965,244.19442721242964,258.84609284517546,34408.57566700956,344.0857566700956,344.0857566700956,23286.005524817265,232.86005524817264,236.5853288604904,15547.158574725794,155.47158574725793,168.24996034936404,20047.423452032985,200.47423452032984,147.02458073605968
50,26125.2682508908,261.252682508908,276.9278434594425,35257.67957794394,352.5767957794394,352.5767957794394,25478.567672705354,254.78567672705356,258.0967501042004,16762.50448000751,167.62504480007507,182.77237668323207,22661.363540390168,226.61363540390167,161.72586058031445
60,27004.033946604337,270.04033946604335,286.24275983400594,35670.08246241816,356.7008246241816,356.7008246241816,27870.063470092995,278.7006347009299,271.93062184230564,16771.09267084959,167.7109267084959,187.83623791351542,27884.45581351545,278.8445581351545,171.74565590040356
