node_count,DIM_raw,DIM_display,DIM,PRM_raw,PRM_display,PRM,TRAIM_raw,TRAIM_display,TRAIM,TOCA_raw,TOCA_display,TOCA,PC-SPE_raw,PC-SPE_display,PC-SPE
10,9184.087830426515,9184.087830426515,9184.087830426515,16819.615343650432,16819.615343650432,16819.615343650432,8692.784875983572,8692.784875983572,8692.784875983572,10567.91091345844,10567.91091345844,10567.91091345844,-5485.260131716271,-5485.260131716271,-5485.260131716271
20,17067.21204091873,17067.21204091873,17067.21204091873,29458.86109818728,29458.86109818728,29458.86109818728,15506.64465902483,15506.64465902483,15506.64465902483,13630.887991391304,13630.887991391304,13630.887991391304,8512.136125962024,8512.136125962024,8512.136125962024
30,21574.522707534037,21574.522707534037,21574.522707534037,32547.16395326739,32547.16395326739,32547.16395326739,21329.754323568097,21329.754323568097,21329.754323568097,14857.477666059198,14857.477666059198,14857.477666059198,14962.376229564366,14962.376229564366,14962.376229564366
40,24419.442721242965,24419.442721242965,24419.442721242965,34408.57566700956,34408.57566700956,34408.57566700956,25108.442541584354,25108.442541584354,25108.442541584354,16098.374339731678,16098.374339731678,16098.374339731678,20047.423452032985,20047.423452032985,20047.423452032985
50,26125.2682508908,26125.2682508908,26125.2682508908,35257.67957794394,35257.67957794394,35257.67957794394,26800.029920528275,26800.029920528275,26800.029920528275,17348.998017989314,17348.998017989314,17348.998017989314,22661.363540390168,22661.363540390168,22661.363540390168
60,27004.033946604337,27004.033946604337,27004.033946604337,35670.08246241816,35670.08246241816,35670.08246241816,29017.66441060454,29017.66441060454,29017.66441060454,17403.810831161776,17403.810831161776,17403.810831161776,27884.45581351545,27884.45581351545,27884.45581351545
