node_count,DIM_raw,DIM,PRM_raw,PRM,TRAIM_raw,TRAIM
10,12212.903881736065,122.12903881736065,12721.774876808402,127.21774876808402,11767.641761047771,117.67641761047771
20,12854.831041234274,128.54831041234274,13390.449001285702,133.90449001285702,12386.165326189275,123.86165326189276
30,13155.551542464578,131.5555154246458,13703.699523400603,137.036995234006,12675.922059145558,126.75922059145557
40,13272.27130010388,132.72271300103878,13825.282604274875,138.25282604274875,12788.386408954259,127.88386408954258
50,13299.556197409773,132.99556197409774,13853.704372301847,138.53704372301846,12814.676544379208,128.1467654437921
60,13475.95371569809,134.75953715698088,14037.45178718551,140.3745178718551,12984.642903146596,129.84642903146596
