metric,DIM,PRM,TRAIM
avg_participation_intensity,34.31666666666667,94.41111111111111,25.905555555555555
avg_transaction_price_task_level,320.71324452606524,138.5625902535708,92.83534216283446
avg_user_utility_task50,27537.164366296664,35887.68516356372,21154.57972854046
