metric,DIM,PRM,TRAIM
avg_participation_intensity,34.65,43.102000000000004,31.878
avg_transaction_price_task_level,360.5920744802009,443.71728558631116,695.1409113323235
avg_user_utility_task50,26795.833781660487,27912.326855896343,25818.902341704113
