metric,DIM,PRM,TRAIM
avg_participation_intensity,34.71111111111111,50.75,25.266666666666666
avg_transaction_price_task_level,269.66281233518214,85.62041406150006,267.0115140867275
avg_user_utility_task50,27993.647178407435,35990.0869938296,16056.153416078208
