metric,DIM,PRM,TRAIM,TOCA,PC-SPE
avg_effective_unique_participants,27.016166666666667,30.516666666666666,20.506,16.532166666666665,10.5
avg_transaction_price_task_level,392.9076858661171,189.54761939004084,246.67405477681626,195.09209650702027,280.2213554484878
avg_user_utility_task50,20895.7612496029,30693.663017079463,19814.4384100273,14313.295747755734,14763.749171624788
