metric,DIM,PRM,TRAIM,TOCA,PC-SPE
avg_participation_intensity,34.50555555555555,50.661111111111104,25.183333333333334,46.68333333333334,35.0
avg_transaction_price_task_level,302.63860086968606,66.48457398069672,262.96737375131755,16.836734693877553,0.0757518079878905
avg_user_utility_task50,28526.23365171212,37104.62607321119,16001.566489744475,41802.34297881,128.60334011258013
