metric,DIM,PRM,TRAIM,TOCA
avg_participation_intensity,5.5,14.0,1.0,5.0
avg_transaction_price_task_level,828.0637882973634,710.4270470630765,291.86906227684034,14.75
avg_user_utility_task8,3871.973233001862,6761.859402113832,1880.586126901394,5562.5931325
