bin_index,bin_label,lower_time_cost,upper_time_cost,DIM_raw,DIM,PRM_raw,PRM,TRAIM_raw,TRAIM,TOCA_raw,TOCA,PC-SPE_raw,PC-SPE
1,278-635,278.417662,635.387368,0.0,0.0,0.75,0.75,0.25,0.25,0.5,0.5,0.8870764133589755,0.8870764133589755
2,635-1159,635.387368,1158.718436,0.75,0.75,1.0,1.0,0.0,0.0,1.0,1.0,0.892800307604693,0.892800307604693
3,1159-1192,1158.718436,1191.784924,1.0,1.0,1.0,1.0,0.0,0.0,0.3333333333333333,0.3333333333333333,0.7694850725417502,0.7694850725417502
4,1192-1642,1191.784924,1642.335848,1.0,1.0,1.0,1.0,0.5,0.5,0.75,0.75,0.7749229625751922,0.7749229625751922
5,1642-1991,1642.335848,1991.239039,1.0,1.0,1.0,1.0,0.4,0.4,0.8,0.8,0.7165487187882618,0.7165487187882618
