metric,DIM,PRM,TRAIM,TOCA
avg_participation_intensity,8.0,10.0,2.0,6.0
avg_transaction_price_task_level,437.1945421242915,199.7036963540292,397.69216378317776,10.5
avg_user_utility_task25,16225.277433070094,22451.7232813499,1782.134212481747,22063.528658
