repeat_index,metric,common_task_count,DIM_mean,PRM_mean,PRM_over_DIM
0,winning_bid,9,318.9796036036379,193.52518550034694,0.6067008150803904
0,transaction_price,9,437.1945421242915,221.89299594892134,0.5075383486508361
