chi,gamma,raw_k,k,empirical_goal_selection_rate,goal_selection_rate
0.0,1.0,-133.6873068447504,-133.6873068447504,0.0,0.0
0.5,1.0,-4.278442950562123,-4.278442950562123,0.0,0.0
0.0,1.5,7.926010303452472,7.926010303452472,0.0,0.0
0.5,1.5,137.33487419764074,137.33487419764074,0.0,0.0
